{"mean": [19867.73644093738, 19866.99575761148, 19867.844124936004, 19868.591996738025, 17.666485811620355, 1.1268968179003824, 17.32272562110177, 1.126840272376148, 19867.58831399379, 19866.85964774972, 19867.99423567427, 19868.72913778824, 2.267557209980514, 1.1720404077333175, 2.2310284668187332, 1.1530751567328814, 19867.430575790622, 19866.727228828666, 19868.15436018945, 19868.86248684354, 1.3816222535226363, 1.2129344560384037, 1.3355866240313923, 1.2017476234765618, 19867.278737425848, 19866.599343541853, 19868.30733716264, 19868.991170099725, 1.2023282424742763, 1.266488151289109, 1.2023019207316263, 1.2655392187345047, 19867.135132049636, 19866.475723193264, 19868.45189358515, 19869.115783827892, 1.1356717805766476, 1.2739287911398671, 1.1135252573796466, 1.2842337497688219], "std": [1518.4939325833025, 1518.402504107578, 1518.496393987676, 1518.588033723374, 20.983720239962008, 3.580179461498888, 20.11831968748754, 3.848741598793222, 1518.4758812897285, 1518.388313301614, 1518.5142536341173, 1518.602090256286, 5.931482379554105, 3.84700116660154, 5.64072445007588, 4.013936304524165, 1518.4554295816515, 1518.3749490110908, 1518.5354176554802, 1518.6154350665063, 4.272897984124715, 3.838419261080968, 3.999205395355965, 3.9844604464632143, 1518.4355702274586, 1518.362584214532, 1518.555326492285, 1518.6279237391755, 3.640908341548988, 3.877624258741369, 3.9396742573021117, 4.189694099477267, 1518.4182857166493, 1518.351718802519, 1518.572403434651, 1518.6391052765728, 3.8427669076710487, 3.590277090692001, 3.61427715605783, 4.4624517920157425]}